과제,조모임,학점 비율,출결,시험 횟수,name,prof
보통,없음,학점느님,직접호명,두 번,역사란무엇인가,윤은주
보통,없음,비율 채워줌,직접호명,두 번,한국역사의이해,한준수
보통,없음,비율 채워줌,직접호명,두 번,한국역사의이해,이계형
보통,없음,학점느님,직접호명,두 번,한국역사의이해,남무희
보통,없음,비율 채워줌,전자출결,두 번,한국역사의이해,여성구
보통,없음,비율 채워줌,직접호명,두 번,한국역사의이해,양웅렬
보통,없음,비율 채워줌,직접호명,두 번,임시정부와독립운동,김성민
많음,없음,비율 채워줌,직접호명,두 번,임시정부와독립운동,황선익
없음,없음,학점느님,직접호명,한 번,삶과윤리,이근세
보통,보통,비율 채워줌,직접호명,한 번,삶과윤리,박규철
보통,보통,비율 채워줌,직접호명,한 번,삶과윤리,조종화
보통,보통,학점느님,직접호명,한 번,철학의물음들,박규철
없음,없음,매우 깐깐함,직접호명,한 번,철학의물음들,이근세
없음,없음,비율 채워줌,직접호명,두 번,철학의물음들,조종화
보통,없음,학점느님,직접호명,두 번,철학의물음들,피터리
보통,보통,학점느님,직접호명,두 번,시민정신과사회봉사,오지혜
보통,보통,학점느님,직접호명,두 번,시민정신과사회봉사,여현철
보통,보통,비율 채워줌,전자출결,세 번,클래시카,김한승
보통,없음,학점느님,전자출결,두 번,임시정부와독립운동,이계형
보통,없음,매우 깐깐함,직접호명,두 번,시민정신과사회봉사,남광규
보통,없음,학점느님,직접호명,두 번,한국문학의이해,최규익
보통,없음,비율 채워줌,직접호명,두 번,한국문학의이해,조재현
많음,많음,비율 채워줌,직접호명,한 번,한국문학의이해,서연주
보통,보통,비율 채워줌,직접호명,두 번,한국문학의이해,박진
보통,보통,비율 채워줌,직접호명,두 번,한국문학의이해,박인희
보통,없음,비율 채워줌,직접호명,두 번,한문과문화,조휘만
보통,보통,비율 채워줌,직접호명,두 번,한문과문화,장창호
없음,없음,비율 채워줌,직접호명,두 번,한문과문화,정환종
보통,없음,학점느님,직접호명,두 번,한문과문화,황선재
보통,없음,비율 채워줌,직접호명,두 번,한문과문화,이규일
보통,없음,비율 채워줌,직접호명,두 번,음악의이해,최윤자
보통,보통,학점느님,직접호명,두 번,미술의이해,홍수진
보통,보통,비율 채워줌,직접호명,두 번,미술의이해,임혜송
많음,많음,비율 채워줌,직접호명,한 번,디자인의이해,민세원
보통,보통,학점느님,직접호명,한 번,디자인의이해,윤나리
보통,보통,매우 깐깐함,직접호명,한 번,디자인의이해,이주연
보통,없음,비율 채워줌,직접호명,두 번,디자인의이해,박정관
많음,많음,비율 채워줌,직접호명,두 번,공연예술읽기(연극),이화
많음,많음,학점느님,직접호명,한 번,공연예술읽기(연극),문현정
보통,없음,비율 채워줌,직접호명,없음,공연예술읽기(연극),고성일
보통,보통,비율 채워줌,직접호명,없음,공연예술읽기(무용),이미하
보통,보통,학점느님,직접호명,한 번,공연예술읽기(무용),이진이
없음,많음,학점느님,직접호명,두 번,미술의이해,손상미
보통,없음,비율 채워줌,직접호명,두 번,시민사회와법,김재희
보통,없음,학점느님,직접호명,두 번,시민사회와법,황승흠
보통,없음,학점느님,직접호명,두 번,시민사회와법,박민
없음,많음,비율 채워줌,직접호명,네 번 이상,논리와소통,김명석
없음,없음,비율 채워줌,직접호명,두 번,논리와소통,조종화
보통,보통,비율 채워줌,직접호명,두 번,미디어와공동체,김성준
보통,많음,비율 채워줌,직접호명,두 번,미디어와공동체,신현덕
보통,없음,비율 채워줌,직접호명,한 번,소통과토론,정관용
보통,보통,매우 깐깐함,직접호명,두 번,소통과토론,김은정
없음,보통,비율 채워줌,직접호명,두 번,소통과토론,한희정
없음,없음,비율 채워줌,전자출결,두 번,시민사회와경제,현진권
없음,없음,비율 채워줌,직접호명,두 번,시민사회와경제,채창균
보통,없음,비율 채워줌,직접호명,두 번,시민사회와경제,김주섭
보통,없음,매우 깐깐함,직접호명,두 번,시민사회와정치,구경서
보통,보통,비율 채워줌,직접호명,두 번,시민사회와정치,김경래
보통,없음,비율 채워줌,직접호명,두 번,시민사회와정치,김학량
없음,없음,비율 채워줌,직접호명,두 번,시민사회와정치,강상호
없음,없음,학점느님,직접호명,두 번,시민사회와정치,안현상
보통,보통,학점느님,직접호명,두 번,개인과사회,오지혜
없음,없음,학점느님,전자출결,두 번,회계와사업계획서,박경재
보통,없음,학점느님,직접호명,두 번,미디어와공동체,조인숙
보통,없음,비율 채워줌,직접호명,한 번,개인과사회,여현철
보통,많음,비율 채워줌,직접호명,한 번,현대사회와여성,김선영
많음,많음,비율 채워줌,직접호명,두 번,기업가정신과창업,김종택
많음,보통,비율 채워줌,직접호명,두 번,기업가정신과창업,김성일
보통,없음,학점느님,직접호명,두 번,마음과행동,우상우
보통,없음,학점느님,직접호명,두 번,마음과행동,김지연
보통,없음,학점느님,전자출결,두 번,마음과행동,남숙경
없음,없음,학점느님,직접호명,한 번,문명과세계화의도전,안드레이 란코프
없음,보통,비율 채워줌,직접호명,두 번,리더십챌린지,변영실
보통,많음,학점느님,직접호명,한 번,리더십챌린지,이동희
보통,보통,비율 채워줌,직접호명,두 번,리더십챌린지,민은홍
보통,보통,학점느님,직접호명,한 번,현대동아시아의이해,박창건
없음,없음,비율 채워줌,직접호명,두 번,현대동아시아의이해,장덕준
없음,없음,비율 채워줌,직접호명,두 번,세계문학의이해,이일환
보통,없음,비율 채워줌,직접호명,두 번,세계문학의이해,방승희
보통,보통,비율 채워줌,직접호명,한 번,세계문학의이해,권은영
없음,없음,비율 채워줌,직접호명,두 번,세계역사의이해,윤은주
보통,없음,비율 채워줌,직접호명,두 번,세계역사의이해,고재백
없음,보통,학점느님,직접호명,두 번,한국사회와문화,유양석
없음,없음,학점느님,직접호명,두 번,문명과세계화의도전,안현상
보통,없음,비율 채워줌,혼용,두 번,수학과문명,전재복
보통,보통,비율 채워줌,직접호명,두 번,생활속의스포츠,조영희
없음,많음,학점느님,직접호명,두 번,생활속의스포츠,이원재
보통,없음,매우 깐깐함,직접호명,두 번,생활속의스포츠,김의진
보통,보통,비율 채워줌,직접호명,두 번,생활속의스포츠,김동현
없음,없음,비율 채워줌,전자출결,두 번,과학과창의적사고,장지훈
없음,없음,비율 채워줌,직접호명,두 번,생명의이해,이석묵
보통,없음,매우 깐깐함,직접호명,두 번,생명의이해,이지선
없음,없음,비율 채워줌,직접호명,한 번,과학기술과인간사고의변화,이근세
없음,많음,학점느님,지정좌석,네 번 이상,과학기술과인간사고의변화,김명석
없음,없음,비율 채워줌,직접호명,두 번,지구생태계와인간,김종성
보통,없음,학점느님,직접호명,두 번,지구생태계와인간,경종인
보통,없음,비율 채워줌,직접호명,두 번,정보통신과창의적사고,주용수
보통,보통,학점느님,직접호명,두 번,정보통신과창의적사고,윤종영
보통,없음,비율 채워줌,전자출결,두 번,정보통신과창의적사고,한광수
없음,없음,학점느님,전자출결,두 번,소프트웨어혁명,임성수
보통,없음,학점느님,전자출결,두 번,수학과문명,박태훈
없음,없음,비율 채워줌,직접호명,두 번,중국어I,박봉순
보통,없음,비율 채워줌,직접호명,두 번,중국어I,채예령
없음,없음,학점느님,직접호명,두 번,불어,홍승현
보통,없음,비율 채워줌,직접호명,두 번,일본어I,유춘희
많음,없음,F 폭격기,직접호명,두 번,일본어I,류미나
보통,보통,학점느님,전자출결,두 번,영상을통한영어,서지영
없음,없음,비율 채워줌,직접호명,두 번,초급중국어회화,채예령
없음,없음,F 폭격기,직접호명,두 번,일본어II,류미나
보통,보통,비율 채워줌,전자출결,두 번,영화독해,임미진
없음,보통,비율 채워줌,전자출결,두 번,영화독해,김혜정
없음,없음,비율 채워줌,전자출결,두 번,영화작문,이지현
많음,많음,비율 채워줌,직접호명,두 번,고전과패러디,조유선
보통,없음,학점느님,직접호명,두 번,영미단편소설강독,이인규
보통,많음,비율 채워줌,전자출결,두 번,영화듣기,류도형
보통,보통,비율 채워줌,전자출결,두 번,영화듣기,노윤아
없음,없음,학점느님,직접호명,두 번,중국어II,이설화
보통,보통,비율 채워줌,직접호명,한 번,Business English,류도형
보통,보통,학점느님,직접호명,두 번,한국어의화용,이효정
보통,보통,학점느님,직접호명,두 번,Cultural Business Discussions,브라이언 로버슨
없음,없음,학점느님,직접호명,두 번,기초스페인어,전수진
보통,없음,비율 채워줌,전자출결,두 번,문화인류학의이해,이규호
보통,보통,학점느님,직접호명,한 번,그리스비극,박규철
없음,없음,매우 깐깐함,직접호명,두 번,동아시아근대사와인물,류미나
없음,없음,학점느님,직접호명,한 번,한국도시생활사(1880-2000),안드레이 란코프
보통,없음,비율 채워줌,직접호명,한 번,예술과철학,김한승
없음,없음,매우 깐깐함,직접호명,세 번,Introduction to Ancient Greek Art,안나 마일즈
없음,없음,학점느님,전자출결,두 번,문화권으로보는한국사,여성구
없음,없음,학점느님,직접호명,두 번,증권투자의이해,김인수
보통,없음,매우 깐깐함,직접호명,두 번,맑시즘의이해,김경래
보통,없음,비율 채워줌,직접호명,한 번,정치전략과전략기획,김학량
없음,없음,학점느님,전자출결,두 번,교양재테크,황동하
보통,없음,학점느님,직접호명,없음,취·창업역량과전략,이종일
보통,보통,학점느님,직접호명,없음,취·창업역량과전략,이동진
보통,없음,학점느님,직접호명,없음,취·창업과진로설계,강주성
많음,없음,학점느님,직접호명,없음,취·창업과진로설계,김태완
많음,없음,학점느님,직접호명,없음,취·창업과진로설계,박희주
보통,보통,매우 깐깐함,직접호명,한 번,일본대중문화론,류미나
보통,없음,학점느님,직접호명,없음,채용시장의이해,하차진
보통,없음,비율 채워줌,직접호명,한 번,이슬람권문화의이해,김동억
없음,없음,비율 채워줌,직접호명,두 번,"예술,창작과저작권",나강
보통,없음,매우 깐깐함,직접호명,두 번,영상속일본문화읽기,유춘희
없음,많음,비율 채워줌,직접호명,한 번,영상속일본문화읽기,류미나
많음,없음,매우 깐깐함,직접호명,두 번,South Korean-U.S. Relations,피터김
없음,없음,학점느님,직접호명,두 번,지식재산개론,홍정표
없음,보통,비율 채워줌,직접호명,한 번,지식재산개론,정용재
보통,없음,비율 채워줌,전자출결,한 번,현대문명과재료,남호석
보통,없음,비율 채워줌,직접호명,두 번,신에너지의생활화,황승식
보통,없음,비율 채워줌,직접호명,한 번,환경과학의이해,김동하
없음,없음,학점느님,직접호명,두 번,자동차기술,최웅철
보통,없음,비율 채워줌,직접호명,두 번,현대인의식생활과건강,남혜경
보통,없음,비율 채워줌,직접호명,두 번,식생활의문화적이해,남혜경
보통,없음,학점느님,직접호명,두 번,목재의비밀,김범준
보통,없음,비율 채워줌,직접호명,한 번,숲,김기원
보통,없음,비율 채워줌,전자출결,두 번,목재와문명,차재경
보통,없음,매우 깐깐함,직접호명,두 번,현대사회와에너지,김영숙
보통,없음,매우 깐깐함,직접호명,한 번,초급농구,이충희
보통,없음,매우 깐깐함,직접호명,한 번,수영,김동현
보통,없음,비율 채워줌,직접호명,두 번,탁구,이운용
보통,없음,학점느님,직접호명,두 번,테니스,장의종
보통,없음,비율 채워줌,직접호명,두 번,스포츠댄스,전해리
보통,없음,비율 채워줌,직접호명,두 번,초급골프,김재환
보통,없음,비율 채워줌,직접호명,두 번,영화의이해,이현재
없음,없음,비율 채워줌,직접호명,한 번,기초검도,신승호
많음,없음,비율 채워줌,직접호명,없음,공연줍기,문영
보통,많음,비율 채워줌,직접호명,두 번,드라마속인생경험,김나리
보통,없음,비율 채워줌,직접호명,한 번,발레와과학이야기,문영
없음,없음,학점느님,직접호명,두 번,스키및스노보드,이운용
보통,없음,학점느님,직접호명,없음,스키및스노보드,김동현
많음,없음,비율 채워줌,직접호명,두 번,예술영화감상,이용주
없음,없음,학점느님,직접호명,없음,3D프린팅창의메이커스,장중식
없음,없음,비율 채워줌,직접호명,한 번,3D프린팅창의메이커스,손석우
보통,없음,비율 채워줌,직접호명,한 번,3D프린팅창의메이커스,김해동
보통,보통,학점느님,직접호명,없음,직업(창업)기초와직무역량,하차진
보통,보통,매우 깐깐함,직접호명,두 번,사서삼경의이해,장창호
보통,보통,비율 채워줌,직접호명,두 번,다례,유양석
보통,보통,비율 채워줌,혼용,한 번,Korean Tea Ceremony and world Tea Culture,유양석
보통,보통,비율 채워줌,직접호명,두 번,현대사회와가족,허영림
없음,없음,학점느님,지정좌석,없음,"목요특강:문화,IT,기업가정신",문창로
보통,보통,비율 채워줌,직접호명,두 번,시와삶,손필영
보통,없음,학점느님,직접호명,없음,인생설계와진로,김수영
없음,없음,학점느님,직접호명,없음,인생설계와진로,윤옥한
없음,없음,학점느님,직접호명,없음,인생설계와진로,표성수
보통,없음,학점느님,지정좌석,없음,인생설계와진로,김성배
없음,없음,학점느님,직접호명,없음,인생설계와진로,김민섭
보통,보통,학점느님,직접호명,없음,인생설계와진로,한건수
많음,많음,학점느님,직접호명,없음,인생설계와진로,이의용
보통,보통,학점느님,직접호명,없음,인생설계와진로,우성식
많음,많음,비율 채워줌,지정좌석,없음,인생설계와진로,황동조
보통,보통,학점느님,직접호명,없음,인생설계와진로,이현기
많음,보통,학점느님,직접호명,없음,인생설계와진로,윤성혜
보통,많음,학점느님,직접호명,없음,인생설계와진로,함선욱
없음,보통,비율 채워줌,직접호명,두 번,커뮤니케이션기법,한희정
보통,많음,매우 깐깐함,직접호명,없음,몸으로표현하기(무용),이미하
많음,많음,학점느님,직접호명,없음,이미지로생각하기,이화
많음,보통,비율 채워줌,직접호명,두 번,부모연습,허영림
보통,많음,매우 깐깐함,직접호명,한 번,북한산트레일녹색자습,김종성
보통,보통,학점느님,직접호명,없음,자신있게말하기,조인숙
많음,많음,학점느님,직접호명,없음,자신있게말하기,이의용
보통,보통,학점느님,직접호명,없음,자신있게말하기,조수진
보통,보통,학점느님,직접호명,네 번 이상,자신있게말하기,한희정
많음,없음,학점느님,직접호명,없음,자신있게말하기,김은정
많음,많음,비율 채워줌,직접호명,없음,자신있게말하기,오정근
없음,보통,비율 채워줌,직접호명,두 번,전쟁과평화:다학문적접근,박휘락
보통,없음,학점느님,직접호명,없음,글로벌이니셔티브프로그램,하차진
없음,없음,학점느님,직접호명,세 번,e-Test,하차진
없음,없음,학점느님,직접호명,없음,춤으로문화읽기,문영
보통,없음,학점느님,직접호명,두 번,통일시대지성인으로서의역할,여현철
보통,보통,비율 채워줌,직접호명,없음,여대생커리어와리더십,하차진
보통,보통,학점느님,직접호명,없음,기업가정신과직무역량,하차진
보통,없음,학점느님,지정좌석,없음,융합특강,이장영
없음,없음,학점느님,직접호명,한 번,동양철학의이해,이근세
없음,보통,학점느님,직접호명,두 번,교육사회학,윤옥한
보통,보통,비율 채워줌,직접호명,두 번,교육심리학,박관성
보통,없음,매우 깐깐함,직접호명,두 번,교육철학및교육사,정혜진
없음,없음,비율 채워줌,반영안함,두 번,교육학개론,이기종
보통,보통,비율 채워줌,직접호명,한 번,교육과정,이윤옥
보통,없음,학점느님,직접호명,없음,교육방법및교육공학,정선영
없음,없음,학점느님,직접호명,두 번,교육행정및교육경영,김현진
없음,없음,비율 채워줌,직접호명,두 번,교직실무,김현진
보통,보통,비율 채워줌,직접호명,두 번,국어학개론,이수연
없음,없음,비율 채워줌,직접호명,두 번,국어학개론,윤희선
보통,없음,학점느님,직접호명,없음,사제동행세미나,서재길
없음,없음,비율 채워줌,직접호명,두 번,국어문법론,임근석
보통,없음,학점느님,직접호명,두 번,한문학강독,양현승
보통,없음,비율 채워줌,직접호명,한 번,한국문학과동아시아문학,정선태
보통,없음,매우 깐깐함,직접호명,두 번,현대시론,이철송
없음,없음,학점느님,직접호명,두 번,가사시조론,조흥욱
보통,없음,매우 깐깐함,직접호명,두 번,시창작및연습,이철송
보통,없음,비율 채워줌,직접호명,한 번,문예비평론,박진
보통,보통,매우 깐깐함,직접호명,두 번,문학과대중매체,서재길
보통,보통,학점느님,직접호명,두 번,영문학개론(2),정명희
없음,없음,비율 채워줌,직접호명,두 번,영문법입문,윤종열
없음,없음,학점느님,직접호명,없음,사제동행세미나,김태우
보통,없음,학점느님,직접호명,두 번,낭만주의이후영문학개관,정명희
없음,없음,비율 채워줌,직접호명,두 번,영어학개론,윤종열
없음,없음,학점느님,직접호명,두 번,통번역입문,피터리
없음,없음,학점느님,직접호명,두 번,고급영어독해,김태우
없음,없음,학점느님,직접호명,두 번,영국고전드라마,김태우
보통,없음,비율 채워줌,직접호명,한 번,영미비평,이일환
보통,보통,비율 채워줌,직접호명,두 번,영어회화(4),피터리
보통,보통,비율 채워줌,직접호명,두 번,영어작문(4),지니김
보통,보통,비율 채워줌,직접호명,두 번,영미문화특강,강서정
많음,많음,비율 채워줌,직접호명,두 번,현대미국소설,강규한
없음,없음,F 폭격기,직접호명,두 번,문학과번역,이일환
없음,없음,비율 채워줌,직접호명,두 번,한국계미국작가연구,이일환
보통,보통,비율 채워줌,직접호명,두 번,시사읽기와토론,김효영
보통,보통,비율 채워줌,직접호명,두 번,Business Communication(2),지니김
보통,없음,비율 채워줌,직접호명,두 번,기초중국어강독연습,정환종
보통,없음,비율 채워줌,직접호명,두 번,기초중국어강독연습,조휘만
보통,없음,비율 채워줌,직접호명,두 번,기초중국어강독연습,이규일
많음,없음,매우 깐깐함,직접호명,두 번,기초중국어청취,채춘옥
보통,없음,비율 채워줌,직접호명,두 번,기초중국어청취,초팽염
보통,없음,매우 깐깐함,직접호명,두 번,초급중국어회화(2),채춘옥
보통,보통,비율 채워줌,직접호명,두 번,초급중국어회화(2),초팽염
보통,보통,학점느님,직접호명,네 번 이상,초급중국어회화(2),채예령
많음,없음,비율 채워줌,직접호명,두 번,중국어교재연구및지도법,조휘만
보통,없음,비율 채워줌,직접호명,없음,사제동행세미나,채예령
보통,없음,비율 채워줌,직접호명,두 번,중·한통역연습,이설화
보통,보통,학점느님,직접호명,두 번,중국역대시가,박종혁
보통,없음,학점느님,직접호명,한 번,중국현대소설,강태권
없음,없음,학점느님,직접호명,두 번,중국어작문(2),전긍
보통,없음,학점느님,직접호명,두 번,중국어작문(2),채예령
보통,없음,학점느님,직접호명,한 번,중국역대산문,강태권
보통,없음,비율 채워줌,직접호명,두 번,한국근세사(1)(조선전기사),이근호
없음,없음,학점느님,반영안함,없음,사제동행세미나,장석흥
보통,없음,학점느님,직접호명,없음,사제동행세미나,문명기
보통,없음,비율 채워줌,직접호명,두 번,조선후기사특강,권기석
보통,보통,매우 깐깐함,직접호명,두 번,한국근현대원전읽기,김영미
보통,보통,비율 채워줌,반영안함,한 번,한국근현대사특강,장석흥
보통,없음,비율 채워줌,직접호명,한 번,고려시대사특강(캡스톤디자인),홍영의
많음,보통,비율 채워줌,직접호명,없음,동양사특강,문명기
보통,보통,학점느님,직접호명,두 번,서양사연습,고재백
없음,없음,비율 채워줌,직접호명,두 번,고고학개론,오용제
보통,없음,학점느님,직접호명,없음,역사교재연구및지도법,전우식
없음,없음,비율 채워줌,직접호명,두 번,한국사상문화사,김태훈
많음,없음,학점느님,직접호명,한 번,한국중세원전읽기,홍영의
보통,없음,학점느님,직접호명,한 번,한국사실습(2)(캡스톤디자인),장지영
많음,보통,매우 깐깐함,직접호명,한 번,교육공학,정선영
많음,보통,매우 깐깐함,직접호명,두 번,교육사회학,박지혜
많음,없음,비율 채워줌,직접호명,없음,특수교육세미나,양민화
보통,없음,학점느님,지정좌석,없음,평생교육경영론,송진휘
많음,없음,비율 채워줌,직접호명,한 번,윤리고전강독,정혜진
없음,보통,비율 채워줌,직접호명,두 번,교육평가론,나종민
없음,보통,학점느님,직접호명,한 번,평생교육방법론,윤옥한
보통,보통,학점느님,직접호명,두 번,도덕·윤리교과논리및논술,정혜진
없음,보통,비율 채워줌,직접호명,두 번,교육문제세미나,김현진
보통,없음,비율 채워줌,직접호명,두 번,초급중국어II,곡효여
보통,없음,학점느님,직접호명,없음,사제동행세미나,곡효여
보통,보통,학점느님,직접호명,두 번,실용중국어회화II,곡효여
보통,보통,비율 채워줌,직접호명,두 번,중국경제론,은종학
없음,없음,비율 채워줌,직접호명,두 번,중국과한반도의관계,윤경우
없음,보통,매우 깐깐함,직접호명,두 번,중국의기업과경영환경,은종학
많음,보통,비율 채워줌,직접호명,두 번,화교경제권의이해,문익준
없음,보통,학점느님,직접호명,두 번,러시아학개론,김상원
보통,없음,비율 채워줌,직접호명,두 번,러시아어II,윤서현
없음,없음,학점느님,직접호명,한 번,러시아어회화II,아자리나 리디아
많음,많음,학점느님,직접호명,한 번,러시아지역경제의이해,김상원
보통,없음,비율 채워줌,직접호명,한 번,러시아외교와국제관계,장덕준
보통,보통,비율 채워줌,직접호명,두 번,러시아어IV,아자리나 리디아
보통,보통,학점느님,직접호명,두 번,한러경제협력론,이상준
보통,보통,비율 채워줌,직접호명,두 번,러시아시사뉴스분석,강윤희
보통,없음,매우 깐깐함,직접호명,두 번,유라시아투자환경및진출전략,이상준
많음,없음,매우 깐깐함,직접호명,한 번,러시아의엘리트와리더십,장덕준
보통,없음,학점느님,직접호명,두 번,시사러시아어,아자리나 리디아
보통,없음,학점느님,직접호명,두 번,지역전문가과정일본어II,김학순
보통,없음,학점느님,직접호명,없음,사제동행세미나,김현욱
없음,없음,학점느님,직접호명,없음,사제동행세미나,이원덕
보통,많음,학점느님,직접호명,두 번,일본전통문화의이해,김현욱
보통,많음,비율 채워줌,직접호명,두 번,지역전문가과정일본어IV,김현욱
보통,없음,비율 채워줌,반영안함,두 번,일본외교와국제관계,최희식
보통,많음,비율 채워줌,직접호명,한 번,세계경제와일본경제,박창건
많음,보통,비율 채워줌,직접호명,한 번,일본문화컨텐츠연구,박선영
없음,보통,비율 채워줌,직접호명,두 번,한반도와일본,윤석정
보통,보통,학점느님,직접호명,한 번,일본산업동향분석(캡스톤디자인),박창건
없음,없음,학점느님,직접호명,없음,사제동행세미나,조경호
없음,없음,비율 채워줌,직접호명,두 번,재난관리론,최진식
보통,없음,학점느님,직접호명,두 번,PR과공공마케팅,김종범
보통,없음,매우 깐깐함,직접호명,두 번,정책집행론,안미영
보통,많음,학점느님,직접호명,없음,정치현장연습,이종찬
없음,많음,학점느님,직접호명,없음,정치현장연습,홍미화
없음,보통,비율 채워줌,직접호명,두 번,근대정치사상,박수인
보통,없음,학점느님,직접호명,두 번,지방정치론,고댕
보통,보통,학점느님,직접호명,두 번,정치사회학,김경래
보통,보통,비율 채워줌,직접호명,두 번,기초사회통계,홍미화
보통,없음,비율 채워줌,직접호명,두 번,정보화사회의정치,고댕
보통,없음,매우 깐깐함,직접호명,두 번,유럽통합과국제정치,배병인
보통,없음,비율 채워줌,직접호명,두 번,미국정치론,장승진
많음,많음,학점느님,직접호명,두 번,국제정치경제론,이종찬
없음,없음,매우 깐깐함,직접호명,두 번,사회학역사와고전이론,장상철
보통,없음,비율 채워줌,직접호명,두 번,사회조사방법론,신동준
보통,보통,비율 채워줌,직접호명,한 번,환경사회학,한광희
보통,보통,비율 채워줌,혼용,없음,정보사회의쟁점과비전,최항섭
보통,없음,비율 채워줌,직접호명,두 번,성과사회,고댕
보통,보통,비율 채워줌,직접호명,한 번,생명과학과시민윤리,김환석
보통,없음,매우 깐깐함,직접호명,두 번,비교역사사회학,채오병
보통,없음,비율 채워줌,직접호명,두 번,문화/예술사회학,김수정
보통,보통,학점느님,직접호명,없음,사제동행세미나,이창현
없음,없음,학점느님,직접호명,없음,사제동행세미나,이종민
보통,없음,비율 채워줌,직접호명,두 번,미디어연구방법,김성준
보통,보통,학점느님,직접호명,두 번,미디어연구방법,홍주현
많음,없음,매우 깐깐함,직접호명,한 번,사진실습,이창현
많음,없음,비율 채워줌,직접호명,두 번,방송의이해,이창현
없음,없음,학점느님,직접호명,두 번,뉴스문장실습,변상욱
많음,없음,학점느님,전자출결,한 번,데이터저널리즘,홍주현
많음,많음,매우 깐깐함,직접호명,두 번,설득커뮤니케이션,나은경
보통,많음,비율 채워줌,직접호명,두 번,여론과사회,이대현
보통,많음,비율 채워줌,직접호명,두 번,전략커뮤니케이션1,최동원
많음,많음,비율 채워줌,전자출결,한 번,전략커뮤니케이션1,이종민
보통,많음,학점느님,직접호명,두 번,글로벌광고,최동원
보통,보통,학점느님,직접호명,두 번,소비자행동,이세진
보통,보통,비율 채워줌,직접호명,두 번,OOH프로모션전략,고한준
보통,보통,비율 채워줌,직접호명,한 번,캡스톤디자인1,이종선
보통,없음,비율 채워줌,직접호명,두 번,광고와사회적이슈,고한준
보통,보통,비율 채워줌,직접호명,한 번,공공PR,이종선
보통,없음,비율 채워줌,직접호명,두 번,채권총론,홍윤선
보통,없음,학점느님,직접호명,두 번,헌법I,김충구
없음,없음,학점느님,직접호명,두 번,형법총칙,임재훈
보통,없음,매우 깐깐함,직접호명,두 번,물권법,안경희
없음,없음,학점느님,직접호명,두 번,채권총론,김동훈
없음,없음,학점느님,직접호명,두 번,채권총론,남윤삼
보통,없음,매우 깐깐함,직접호명,두 번,채권총론,안경희
없음,없음,비율 채워줌,직접호명,두 번,헌법I,정철
보통,없음,학점느님,직접호명,두 번,헌법I,박종현
많음,보통,학점느님,직접호명,없음,사제동행세미나,안경봉
보통,보통,학점느님,직접호명,두 번,사제동행세미나,김택주
없음,보통,학점느님,직접호명,없음,사제동행세미나,박민
보통,보통,학점느님,직접호명,두 번,사제동행세미나,박종현
없음,없음,비율 채워줌,직접호명,두 번,물권법,남윤삼
없음,없음,학점느님,직접호명,두 번,형법총칙,노동혁
많음,보통,비율 채워줌,직접호명,두 번,경제법,이호선
없음,없음,매우 깐깐함,직접호명,두 번,국제법I,정진석
없음,없음,학점느님,직접호명,두 번,행정구제법,박민
없음,없음,비율 채워줌,전자출결,두 번,행정구제법,김성배
없음,없음,매우 깐깐함,직접호명,두 번,행정구제법,김민섭
많음,없음,비율 채워줌,직접호명,한 번,법률문서작성,전해정
없음,없음,비율 채워줌,반영안함,두 번,국제법연습,신홍균
보통,없음,비율 채워줌,직접호명,두 번,형사소송법,표성수
없음,없음,비율 채워줌,직접호명,두 번,형사소송법,이동기
보통,없음,학점느님,반영안함,없음,법률사회봉사,정철
보통,보통,비율 채워줌,직접호명,없음,행정법판례,박민
없음,보통,비율 채워줌,직접호명,두 번,조세법각론,안경봉
없음,없음,학점느님,직접호명,두 번,조세법각론,손영철
많음,없음,매우 깐깐함,혼용,두 번,북한법,박정원
보통,없음,비율 채워줌,직접호명,두 번,국제조세법,안경봉
없음,없음,비율 채워줌,직접호명,두 번,회사법I,김택주
보통,없음,매우 깐깐함,직접호명,두 번,가족법,안경희
없음,없음,매우 깐깐함,직접호명,두 번,민사소송법II,김재희
보통,없음,비율 채워줌,직접호명,한 번,법철학,전해정
없음,없음,학점느님,직접호명,두 번,보험해상법,한창희
없음,없음,학점느님,반영안함,두 번,정보통신법,신홍균
보통,없음,학점느님,반영안함,한 번,민법판례,김동훈
없음,없음,비율 채워줌,직접호명,두 번,지적재산권법II,나강
없음,없음,학점느님,직접호명,두 번,상법판례,임채욱
없음,없음,비율 채워줌,직접호명,한 번,민사모의재판,노동혁
없음,없음,학점느님,직접호명,두 번,문화산업법,황승흠
보통,없음,학점느님,지정좌석,한 번,금융법,남유선
보통,없음,학점느님,직접호명,두 번,경제수학,이상아
없음,없음,비율 채워줌,직접호명,두 번,경제수학,김동욱
없음,없음,비율 채워줌,직접호명,두 번,경제학원론2,김인걸
보통,없음,비율 채워줌,직접호명,두 번,경제학원론2,박진우
없음,없음,비율 채워줌,직접호명,두 번,통계학,윤가원
보통,없음,매우 깐깐함,직접호명,두 번,거시경제학,김현학
많음,없음,비율 채워줌,직접호명,두 번,미시경제학,이상아
없음,없음,비율 채워줌,직접호명,두 번,공공부문의경제학,김동욱
보통,없음,비율 채워줌,직접호명,두 번,화폐금융론,김현학
보통,보통,비율 채워줌,지정좌석,두 번,화폐금융론,장덕주
없음,없음,학점느님,직접호명,두 번,응용미시경제학,박진우
없음,없음,매우 깐깐함,직접호명,두 번,경제자료분석과예측,윤가원
보통,없음,비율 채워줌,직접호명,한 번,정치경제학,조원희
보통,보통,비율 채워줌,직접호명,한 번,법과시장,박진우
없음,없음,F 폭격기,직접호명,두 번,재무경제학,윤가원
없음,없음,비율 채워줌,직접호명,두 번,기술혁신과기업경쟁력,김인걸
없음,없음,비율 채워줌,직접호명,두 번,인사관리의경제학,류재우
보통,없음,비율 채워줌,직접호명,두 번,인사관리의경제학,오호영
없음,없음,F 폭격기,직접호명,한 번,경제학세미나,조원희
없음,없음,비율 채워줌,직접호명,두 번,경제수학,김진일
없음,없음,비율 채워줌,직접호명,두 번,경제수학,문성배
없음,없음,학점느님,직접호명,두 번,경제수학,박용근
보통,없음,비율 채워줌,직접호명,두 번,경제학원론2,송치영
없음,없음,비율 채워줌,지정좌석,두 번,경제학원론2,강재형
없음,없음,비율 채워줌,반영안함,두 번,경제학원론2,강신돈
없음,없음,비율 채워줌,직접호명,두 번,미시경제학,강재형
없음,없음,비율 채워줌,직접호명,두 번,금융원론,예종홍
보통,없음,비율 채워줌,직접호명,두 번,금융원론,남광희
없음,없음,비율 채워줌,직접호명,세 번,기업과산업의이해,문성배
없음,없음,매우 깐깐함,지정좌석,두 번,기업과산업의이해,이한근
없음,없음,학점느님,반영안함,두 번,예술통상학,김재준
많음,없음,매우 깐깐함,직접호명,한 번,국제물류와무역,박덕배
보통,보통,비율 채워줌,직접호명,두 번,국제경제의변동과성장,남광희
없음,없음,매우 깐깐함,직접호명,두 번,통상협상론,손정수
없음,없음,비율 채워줌,직접호명,두 번,Globalization의이해,김진일
보통,보통,비율 채워줌,직접호명,한 번,국제자본이동의이해,송치영
없음,없음,비율 채워줌,직접호명,두 번,무역영어,김태훈
없음,없음,비율 채워줌,직접호명,두 번,금융시장과금융기관,예종홍
보통,없음,학점느님,반영안함,두 번,신소재공학입문II,최웅
없음,없음,비율 채워줌,직접호명,두 번,신소재공학입문II,이노현
없음,보통,매우 깐깐함,직접호명,두 번,창업연계공학설계입문,남호석
보통,많음,비율 채워줌,직접호명,한 번,창업연계공학설계입문,조기섭
보통,보통,학점느님,직접호명,한 번,창업연계공학설계입문,이노현
없음,보통,학점느님,직접호명,없음,사제동행세미나,최희만
없음,없음,학점느님,혼용,없음,사제동행세미나,이미정
보통,없음,매우 깐깐함,직접호명,두 번,금속재료구조및결함,김용석
보통,없음,비율 채워줌,직접호명,두 번,열역학,이재봉
없음,없음,비율 채워줌,직접호명,두 번,금속상평형및미세구조,남원종
보통,없음,매우 깐깐함,직접호명,없음,신소재기초실험II,최희만
보통,없음,비율 채워줌,직접호명,두 번,유기재료공학,이현정
없음,없음,학점느님,직접호명,두 번,철강재료,조기섭
보통,없음,비율 채워줌,직접호명,두 번,반도체공학,이미정
보통,보통,비율 채워줌,반영안함,두 번,세라믹공학,최웅
보통,없음,매우 깐깐함,직접호명,두 번,고분자공학,김진열
많음,많음,비율 채워줌,직접호명,없음,공학설계,이성민
보통,없음,학점느님,직접호명,한 번,공업교재연구및지도법,김정식
많음,많음,학점느님,직접호명,한 번,창업연계융합설계,홍정표
보통,없음,비율 채워줌,직접호명,두 번,디스플레이공학,김진열
보통,보통,비율 채워줌,직접호명,한 번,나노전자소자,이미정
없음,없음,비율 채워줌,직접호명,두 번,재료기기분석,이노현
보통,보통,학점느님,직접호명,없음,창업연계융합종합설계Ⅱ,박용종
없음,없음,비율 채워줌,반영안함,두 번,정역학,최형집
보통,없음,비율 채워줌,직접호명,두 번,정역학,김문호
없음,없음,매우 깐깐함,직접호명,두 번,전산학실습(공학인증),장경진
보통,보통,비율 채워줌,직접호명,두 번,기계재료학,이기성
없음,없음,학점느님,직접호명,두 번,기계재료학,김승권
보통,없음,비율 채워줌,전자출결,두 번,수치해석,장영수
많음,없음,비율 채워줌,직접호명,두 번,유체역학,한화택
없음,없음,비율 채워줌,직접호명,두 번,유체역학,명현국
없음,없음,비율 채워줌,전자출결,두 번,동역학,정재일
많음,없음,매우 깐깐함,직접호명,두 번,동역학,조백규
없음,없음,비율 채워줌,전자출결,두 번,동역학,김태호
없음,없음,학점느님,직접호명,두 번,응용열역학,박경근
보통,없음,학점느님,직접호명,없음,사제동행세미나,명현국
보통,없음,학점느님,직접호명,없음,사제동행세미나,강병하
보통,보통,학점느님,직접호명,없음,사제동행세미나,김강
없음,없음,학점느님,직접호명,없음,사제동행세미나,김태호
보통,없음,비율 채워줌,직접호명,두 번,응용고체역학,이용신
없음,없음,비율 채워줌,반영안함,두 번,응용고체역학,최형집
많음,없음,비율 채워줌,직접호명,없음,제작실습,김강
많음,없음,학점느님,직접호명,두 번,열전달,김석현
보통,없음,비율 채워줌,직접호명,두 번,자동제어,임시형
보통,없음,비율 채워줌,직접호명,두 번,자동제어,조백규
보통,없음,학점느님,직접호명,두 번,진동공학,김태호
많음,보통,비율 채워줌,직접호명,한 번,기계시스템공학실험,한화택
보통,보통,비율 채워줌,지정좌석,두 번,응용열전달,안준
없음,없음,학점느님,직접호명,두 번,재료강도및파괴,최형집
없음,없음,학점느님,직접호명,두 번,생산자동화,김주현
보통,보통,매우 깐깐함,직접호명,없음,캡스톤디자인II,한화택
없음,보통,학점느님,직접호명,없음,캡스톤디자인II,김주현
없음,없음,학점느님,반영안함,두 번,마이크로나노재료거동학,이기성
많음,많음,학점느님,반영안함,두 번,휴먼테크놀로지디자인II,이기성
없음,없음,비율 채워줌,직접호명,네 번 이상,정역학,이영기
많음,많음,F 폭격기,직접호명,없음,창업연계공학설계입문,김석명
보통,보통,학점느님,직접호명,없음,사제동행세미나,김석명
보통,없음,비율 채워줌,직접호명,두 번,구조역학I,홍기증
보통,없음,학점느님,직접호명,두 번,상수도공학,손진식
보통,없음,비율 채워줌,직접호명,두 번,수리학I,김효섭
없음,없음,학점느님,직접호명,두 번,토질역학I,김현기
보통,없음,F 폭격기,직접호명,두 번,환경생태학,최용준
보통,없음,매우 깐깐함,직접호명,두 번,전산응용,오창국
없음,없음,비율 채워줌,직접호명,없음,구조내진설계,홍기증
많음,많음,학점느님,직접호명,한 번,글로벌지반엔지니어링,김현기
없음,보통,매우 깐깐함,직접호명,한 번,해외건설실무영어,김소희
보통,없음,비율 채워줌,직접호명,두 번,강구조이론및설계,배두병
보통,보통,학점느님,직접호명,한 번,환경공학실험,한지희
보통,없음,비율 채워줌,직접호명,두 번,콘크리트재료학및실험,최석환
보통,없음,비율 채워줌,직접호명,두 번,철근콘크리트설계II,최석환
없음,없음,비율 채워줌,직접호명,두 번,물리화학적처리,김동하
보통,보통,비율 채워줌,직접호명,두 번,수질오염,이상호
많음,없음,매우 깐깐함,직접호명,두 번,정역학,한건수
없음,없음,비율 채워줌,직접호명,두 번,자동차재료학,김흥규
보통,없음,비율 채워줌,직접호명,두 번,자동차재료학,정경훈
없음,없음,학점느님,직접호명,두 번,유체역학,최웅철
많음,없음,비율 채워줌,직접호명,두 번,유체역학,김재욱
보통,없음,비율 채워줌,직접호명,두 번,메커니즘설계,이상범
많음,보통,학점느님,직접호명,한 번,자동차기능실습,박기홍
보통,보통,비율 채워줌,직접호명,한 번,자동차기능실습,신성환
없음,없음,학점느님,직접호명,두 번,동역학,국형석
보통,없음,학점느님,직접호명,두 번,동역학,신성환
많음,많음,매우 깐깐함,직접호명,두 번,확률및통계,장현수
보통,없음,학점느님,직접호명,두 번,확률및통계,이강준
보통,없음,비율 채워줌,전자출결,두 번,전자회로,이강준
보통,없음,비율 채워줌,직접호명,두 번,내연기관,조용석
보통,없음,매우 깐깐함,직접호명,두 번,내연기관,이성욱
보통,없음,매우 깐깐함,반영안함,두 번,구동및제동시스템,허승진
없음,없음,학점느님,직접호명,두 번,열전달,김승권
없음,없음,학점느님,직접호명,두 번,자동차구조해석,김흥규
많음,없음,매우 깐깐함,직접호명,없음,자동차융합실험II,허승진
보통,보통,학점느님,직접호명,두 번,자동차융합실험II,장시열
없음,없음,비율 채워줌,직접호명,두 번,소음공학,국형석
없음,없음,매우 깐깐함,직접호명,두 번,마이크로프로세서응용,이강준
없음,없음,학점느님,직접호명,한 번,KMU-BOSCH자동차기능실습,박기홍
보통,보통,비율 채워줌,직접호명,두 번,KMU-GMK자동차정비이론및실무,정경훈
보통,없음,매우 깐깐함,직접호명,없음,사제동행세미나,허승진
없음,없음,학점느님,직접호명,없음,사제동행세미나,장시열
없음,없음,학점느님,반영안함,없음,사제동행세미나,최웅철
보통,없음,매우 깐깐함,직접호명,없음,MyLab연구II,신성환
보통,없음,비율 채워줌,직접호명,두 번,공학수학(공학인증),이경화
보통,없음,비율 채워줌,직접호명,두 번,공학수학(공학인증),김용희
많음,없음,F 폭격기,직접호명,두 번,공학수학(공학인증),심은화
보통,없음,비율 채워줌,직접호명,두 번,공학수학(공학인증),박미애
보통,없음,비율 채워줌,직접호명,두 번,공학기초수학(공학인증),이경화
보통,없음,비율 채워줌,직접호명,두 번,일반물리II(공학인증),이순남
보통,없음,학점느님,직접호명,두 번,일반물리II(공학인증),이은모
보통,없음,비율 채워줌,직접호명,한 번,일반물리실험II(공학인증),이은모
보통,없음,매우 깐깐함,직접호명,한 번,일반물리실험II(공학인증),김남화
보통,보통,비율 채워줌,지정좌석,한 번,일반화학실험II(공학인증),유연규
없음,없음,비율 채워줌,직접호명,두 번,재료상평형및미세구조,남원종
많음,없음,비율 채워줌,직접호명,두 번,전자재료구조및결함,김용석
보통,없음,매우 깐깐함,직접호명,두 번,공학수학(공학인증),김현미
보통,없음,비율 채워줌,직접호명,두 번,공학수학(공학인증),김광중
보통,없음,학점느님,직접호명,두 번,공학수학(공학인증),송원희
보통,없음,비율 채워줌,직접호명,두 번,일반물리II(공학인증),오형택
보통,없음,비율 채워줌,직접호명,두 번,논리회로,성영락
없음,없음,학점느님,직접호명,두 번,논리회로,오정헌
없음,없음,학점느님,직접호명,두 번,논리회로,모현선
보통,없음,학점느님,직접호명,두 번,일반화학실험I(공학인증),이건직
보통,보통,학점느님,직접호명,한 번,일반화학실험I(공학인증),박명순
많음,없음,비율 채워줌,직접호명,한 번,일반화학실험I(공학인증),김형민
없음,없음,비율 채워줌,직접호명,두 번,일반화학I(공학인증),이길선
보통,없음,학점느님,직접호명,두 번,일반화학I(공학인증),이건직
보통,없음,학점느님,직접호명,두 번,일반화학I(공학인증),임재희
보통,없음,학점느님,지정좌석,두 번,전산학실습(공학인증),오하령
많음,없음,비율 채워줌,직접호명,두 번,전산학실습(공학인증),최선웅
보통,없음,비율 채워줌,직접호명,두 번,전산학실습(공학인증),김지혜
많음,없음,F 폭격기,직접호명,두 번,전산학실습(공학인증),성영락
보통,없음,학점느님,직접호명,두 번,전산학실습(공학인증),문찬우
없음,없음,비율 채워줌,전자출결,두 번,전산학실습(공학인증),김현수
보통,없음,학점느님,직접호명,두 번,사제동행세미나,김기두
많음,없음,학점느님,직접호명,없음,사제동행세미나,김동명
많음,보통,학점느님,직접호명,없음,사제동행세미나,안현식
없음,없음,매우 깐깐함,직접호명,없음,사제동행세미나,노정욱
보통,없음,학점느님,직접호명,없음,사제동행세미나,정경훈
보통,보통,학점느님,직접호명,없음,사제동행세미나,정용재
없음,없음,학점느님,직접호명,두 번,일반물리II(공학인증),송현석
보통,없음,비율 채워줌,직접호명,두 번,일반물리II(공학인증),박성혜
보통,없음,학점느님,직접호명,두 번,일반물리II(공학인증),김형식
보통,보통,비율 채워줌,직접호명,한 번,일반물리실험II(공학인증),김규호
보통,보통,비율 채워줌,직접호명,한 번,일반물리실험II(공학인증),박성혜
없음,없음,학점느님,직접호명,한 번,일반물리실험II(공학인증),김재욱
보통,없음,매우 깐깐함,직접호명,두 번,회로이론II,안현식
보통,없음,비율 채워줌,직접호명,두 번,회로이론II,강동욱
없음,없음,비율 채워줌,직접호명,세 번,회로이론II,홍성수
보통,없음,매우 깐깐함,직접호명,한 번,마이크로프로세서응용실험,박영일
많음,보통,비율 채워줌,직접호명,두 번,마이크로프로세서응용실험,김현수
보통,보통,비율 채워줌,직접호명,없음,마이크로프로세서응용실험,오정헌
많음,많음,학점느님,지정좌석,두 번,마이크로프로세서응용공학,이승민
보통,없음,매우 깐깐함,직접호명,한 번,마이크로프로세서응용공학,오정헌
보통,없음,매우 깐깐함,직접호명,두 번,응용수학,주민철
없음,없음,비율 채워줌,직접호명,네 번 이상,응용수학,루이 미쉘 카홍
보통,없음,비율 채워줌,직접호명,두 번,전자회로II,홍성수
보통,없음,비율 채워줌,직접호명,두 번,전자회로II,김대정
보통,없음,비율 채워줌,직접호명,두 번,전자회로II,노정욱
보통,없음,비율 채워줌,직접호명,두 번,전자회로II,한상규
없음,없음,비율 채워줌,직접호명,두 번,전자기학II,김동명
없음,없음,비율 채워줌,직접호명,두 번,반도체공학II,김동명
보통,없음,학점느님,직접호명,두 번,반도체공학II,최성진
보통,보통,매우 깐깐함,직접호명,한 번,전자회로실험II,홍성수
보통,보통,비율 채워줌,직접호명,한 번,전자회로실험II,노정욱
보통,없음,비율 채워줌,직접호명,두 번,전력전자,홍성수
보통,없음,비율 채워줌,직접호명,세 번,자료구조,김지혜
보통,없음,비율 채워줌,반영안함,두 번,선형대수,김준호
많음,없음,비율 채워줌,직접호명,두 번,객체지향프로그래밍,한재일
많음,없음,비율 채워줌,직접호명,두 번,객체지향프로그래밍,최은미
많음,없음,비율 채워줌,반영안함,두 번,객체지향프로그래밍,김인규
많음,없음,비율 채워줌,직접호명,두 번,객체지향프로그래밍,이경용
많음,보통,비율 채워줌,직접호명,두 번,창업연계공학설계입문,이시윤
많음,보통,비율 채워줌,직접호명,두 번,창업연계공학설계입문,김상철
많음,보통,비율 채워줌,직접호명,네 번 이상,창업연계공학설계입문,한광수
많음,많음,학점느님,직접호명,없음,창업연계공학설계입문,한재일
보통,없음,비율 채워줌,직접호명,두 번,과학과소프트웨어적사고,박수현
많음,없음,비율 채워줌,직접호명,두 번,과학과소프트웨어적사고,최은미
보통,많음,비율 채워줌,직접호명,두 번,소프트웨어프로젝트Ⅱ,최진우
많음,많음,비율 채워줌,직접호명,네 번 이상,소프트웨어프로젝트Ⅱ,김상철
많음,없음,비율 채워줌,반영안함,네 번 이상,소프트웨어프로젝트Ⅱ,윤성혜
많음,많음,비율 채워줌,직접호명,두 번,소프트웨어프로젝트Ⅱ,이시윤
보통,없음,비율 채워줌,직접호명,두 번,시스템소프트웨어,황선태
보통,없음,비율 채워줌,직접호명,두 번,응용통계학,윤상민
많음,없음,비율 채워줌,직접호명,두 번,응용통계학,이상환
보통,없음,비율 채워줌,전자출결,두 번,이산수학,우종우
보통,없음,학점느님,반영안함,두 번,자료구조,김인규
보통,없음,비율 채워줌,반영안함,두 번,컴퓨터구조,임은진
보통,없음,비율 채워줌,전자출결,두 번,화일처리,김혁만
보통,없음,학점느님,직접호명,없음,사제동행세미나,황선태
보통,없음,학점느님,반영안함,없음,사제동행세미나,김인규
없음,없음,학점느님,반영안함,없음,사제동행세미나,박수현
없음,없음,학점느님,반영안함,없음,사제동행세미나,임성수
없음,없음,학점느님,직접호명,없음,사제동행세미나,최은미
보통,없음,학점느님,반영안함,없음,사제동행세미나,김준호
없음,없음,학점느님,직접호명,없음,사제동행세미나,윤명근
보통,없음,비율 채워줌,전자출결,두 번,컴파일러,강승식
많음,없음,비율 채워줌,전자출결,두 번,인공지능,이재구
보통,없음,비율 채워줌,직접호명,두 번,컴퓨터비전,윤상민
많음,많음,비율 채워줌,반영안함,두 번,알고리즘,임은진
많음,보통,비율 채워줌,전자출결,두 번,알고리즘,최준수
보통,없음,학점느님,혼용,두 번,임베디드시스템설계,주용수
보통,없음,학점느님,직접호명,두 번,소프트웨어디자인패턴,김인규
보통,보통,학점느님,직접호명,두 번,SW기술영어Ⅱ,이주영
보통,없음,비율 채워줌,전자출결,두 번,XML,김혁만
많음,없음,학점느님,전자출결,두 번,정보검색과데이터마이닝,강승식
보통,없음,학점느님,전자출결,두 번,정보보호와시스템보안,윤명근
보통,없음,학점느님,직접호명,두 번,빅데이터플랫폼,이경용
많음,없음,학점느님,직접호명,없음,디지털모델링,이우녕
보통,없음,학점느님,직접호명,없음,디지털프린팅,김양수
많음,없음,비율 채워줌,직접호명,두 번,그래픽디자인II,강구룡
많음,없음,비율 채워줌,직접호명,없음,영상디자인I,도희정
보통,없음,매우 깐깐함,직접호명,없음,이미지메이킹I,이준희
보통,없음,학점느님,직접호명,없음,타입과컨텐츠,김의래
보통,보통,비율 채워줌,직접호명,한 번,디자인전략I,전혜선
보통,보통,비율 채워줌,직접호명,없음,브랜딩I,천애리
많음,많음,학점느님,직접호명,없음,캡스톤디자인스튜디오Ⅱ,김나연
보통,없음,비율 채워줌,직접호명,없음,기초금속기법응용,이승열
보통,없음,비율 채워줌,직접호명,두 번,도자사,오가영
보통,없음,비율 채워줌,직접호명,없음,드레이핑I,박재경
없음,보통,학점느님,직접호명,두 번,서양복식사,이은정
보통,없음,학점느님,직접호명,두 번,의복재료론,김의경
보통,없음,비율 채워줌,직접호명,없음,디지털모델링,김진미
많음,많음,매우 깐깐함,직접호명,두 번,공간조형,안성모
많음,없음,비율 채워줌,직접호명,없음,디자인스튜디오II,이찬
보통,없음,비율 채워줌,직접호명,한 번,공간계획론,심윤선
보통,보통,비율 채워줌,직접호명,한 번,디지털포토,김윤호
많음,많음,비율 채워줌,직접호명,없음,기초비디오워크숍,손영모
많음,보통,비율 채워줌,직접호명,없음,기초애니메이션,김진영
보통,없음,비율 채워줌,직접호명,두 번,기초사운드디자인,표용수
없음,없음,학점느님,직접호명,없음,사제동행세미나,하준수
보통,보통,비율 채워줌,직접호명,없음,엔터테인먼트문화론,심효원
많음,많음,비율 채워줌,직접호명,두 번,VR융합디자인,박재완
보통,없음,비율 채워줌,직접호명,없음,고급스토리텔링연구,이광훈
보통,없음,학점느님,직접호명,없음,디지털모델링1,이석종
많음,없음,매우 깐깐함,반영안함,없음,고급디지털모델링1,이석종
보통,없음,매우 깐깐함,직접호명,두 번,산림문화사,김기원
많음,없음,학점느님,직접호명,두 번,일반생물학,김태종
많음,없음,비율 채워줌,직접호명,두 번,식물분류학,김은식
보통,없음,매우 깐깐함,직접호명,두 번,산림경영학,신만용
보통,많음,비율 채워줌,직접호명,한 번,자연해설및실습,김종성
보통,보통,비율 채워줌,직접호명,두 번,목재물리학및실험,차재경
많음,없음,비율 채워줌,직접호명,두 번,유기화학및실험,김영균
많음,없음,매우 깐깐함,직접호명,두 번,기초생화학,김영균
없음,없음,학점느님,반영안함,두 번,사제동행세미나,김영균
보통,없음,비율 채워줌,직접호명,두 번,목재역학및실험,차재경
많음,보통,학점느님,직접호명,두 번,지료화학및실험,김형진
없음,없음,학점느님,전자출결,세 번,분자생물학,김태종
없음,없음,학점느님,혼용,두 번,임산미생물학,김태종
없음,없음,비율 채워줌,직접호명,한 번,효소학,김영균
없음,없음,학점느님,직접호명,두 번,일반물리학,이창우
없음,없음,학점느님,직접호명,없음,사제동행세미나,김삼진
없음,없음,학점느님,반영안함,없음,사제동행세미나,이혁재
많음,없음,비율 채워줌,지정좌석,두 번,일반물리실험II,오형택
보통,보통,비율 채워줌,직접호명,두 번,전자공학실험II,문석배
보통,없음,F 폭격기,직접호명,두 번,역학II,박기택
없음,없음,비율 채워줌,직접호명,두 번,현대물리학,장지훈
없음,없음,비율 채워줌,전자출결,두 번,전자기학I,장지훈
없음,없음,비율 채워줌,직접호명,두 번,미분방정식및선형대수,이혁재
보통,없음,비율 채워줌,직접호명,두 번,광학,문석배
보통,없음,비율 채워줌,직접호명,두 번,양자역학 II,김삼진
많음,많음,비율 채워줌,직접호명,한 번,나노실험II,고태준
보통,보통,학점느님,직접호명,두 번,반도체디바이스,이창우
보통,없음,비율 채워줌,반영안함,두 번,열및통계물리,강지훈
많음,보통,학점느님,직접호명,한 번,일반물리실험,김형식
보통,없음,비율 채워줌,직접호명,두 번,일반물리학,박성혜
보통,없음,학점느님,직접호명,세 번,유기화학II,김석찬
없음,없음,비율 채워줌,직접호명,두 번,분자세포생물학,이석묵
보통,보통,비율 채워줌,혼용,두 번,영양학,장문정
없음,없음,매우 깐깐함,직접호명,세 번,생물유기화학,임지영
보통,보통,비율 채워줌,직접호명,두 번,식사요법및실습,장문정
없음,없음,매우 깐깐함,직접호명,세 번,기능성식품학,임지영
없음,보통,비율 채워줌,직접호명,두 번,영양과유전정보,백인경
보통,없음,비율 채워줌,직접호명,없음,사제동행세미나,백인경
없음,보통,비율 채워줌,직접호명,두 번,노화와영양,백인경
보통,없음,비율 채워줌,직접호명,두 번,식품위생관계법규,남혜경
없음,없음,비율 채워줌,반영안함,두 번,선형대수학및연습,이옥연
없음,없음,학점느님,직접호명,두 번,이공계일반수학,박원광
없음,없음,학점느님,직접호명,없음,사제동행세미나,박원광
보통,없음,비율 채워줌,직접호명,두 번,벡터해석,전재복
보통,없음,비율 채워줌,직접호명,두 번,응용확률론및실습,강주성
보통,없음,비율 채워줌,직접호명,두 번,조합및그래프이론,김복선
보통,없음,비율 채워줌,직접호명,두 번,보안프로토콜,김종성
보통,보통,학점느님,직접호명,한 번,알고리즘분석,김복선
보통,보통,학점느님,직접호명,없음,사제동행세미나,이인형
보통,없음,비율 채워줌,직접호명,두 번,미생물학II,이인형
많음,없음,비율 채워줌,지정좌석,두 번,생화학II,성문희
없음,없음,비율 채워줌,직접호명,두 번,발효대사학,박용철
많음,많음,매우 깐깐함,지정좌석,두 번,미생물학실험,이인형
보통,보통,비율 채워줌,지정좌석,한 번,발효공학실험,박용철
보통,없음,비율 채워줌,직접호명,두 번,생물공학,박용철
보통,없음,비율 채워줌,직접호명,두 번,전산학실습,신만용
보통,보통,비율 채워줌,직접호명,한 번,일반화학실험,전주원
보통,없음,비율 채워줌,직접호명,두 번,일반화학,박명순
많음,없음,비율 채워줌,직접호명,한 번,일반화학실험,이길선
보통,없음,학점느님,직접호명,한 번,일반화학실험,이건직
보통,없음,비율 채워줌,지정좌석,한 번,일반화학실험,박명순
없음,없음,비율 채워줌,직접호명,두 번,일반화학,유연규
보통,많음,학점느님,직접호명,두 번,합창II,고성호
없음,없음,학점느님,직접호명,두 번,클래스피아노II,김진석
없음,없음,비율 채워줌,직접호명,두 번,화성학II,윤혜원
없음,없음,비율 채워줌,직접호명,없음,관현악합주VI,김예훈
보통,없음,학점느님,직접호명,두 번,조형론II,허윤정
보통,없음,매우 깐깐함,직접호명,없음,기초드로잉II,강정헌
보통,없음,비율 채워줌,직접호명,한 번,기초회화II,권기동
보통,보통,비율 채워줌,직접호명,없음,기초조소II,서해영
많음,없음,비율 채워줌,직접호명,세 번,공간연출II,구수현
많음,없음,매우 깐깐함,직접호명,네 번 이상,현대미술론II,김희영
보통,많음,학점느님,직접호명,한 번,작가연구(연극),박주희
보통,없음,비율 채워줌,직접호명,없음,포토몽타주,김현성
없음,없음,비율 채워줌,직접호명,한 번,디지털색보정 DI,최희영
많음,보통,비율 채워줌,직접호명,두 번,스포츠심리학,최우열
없음,없음,비율 채워줌,직접호명,두 번,AASC영어교육의이해,정이루리
보통,보통,비율 채워줌,직접호명,두 번,스포츠시설마케팅론,이승환
없음,없음,비율 채워줌,직접호명,한 번,검도,신승호
보통,없음,비율 채워줌,직접호명,두 번,스포츠마케팅조사방법론,이승환
보통,보통,학점느님,직접호명,두 번,액티브에이징스포츠PR론,전찬수
없음,없음,학점느님,직접호명,두 번,인체해부학,김영균
없음,없음,비율 채워줌,직접호명,두 번,운동역학,이기광
없음,없음,학점느님,지정좌석,두 번,경영통계,이웅
많음,많음,비율 채워줌,직접호명,두 번,현대경영과기업가정신,김경애
보통,보통,비율 채워줌,직접호명,두 번,현대경영과기업가정신,장종현
없음,없음,비율 채워줌,직접호명,두 번,회계학원론,홍창목
없음,없음,비율 채워줌,직접호명,두 번,회계학원론,박경재
보통,없음,매우 깐깐함,직접호명,두 번,회계학원론,남영호
보통,없음,비율 채워줌,직접호명,두 번,회계학원론,홍지윤
보통,없음,학점느님,직접호명,두 번,경제학개론,유은나
없음,없음,학점느님,직접호명,두 번,경영영어실습,이호준
없음,없음,학점느님,직접호명,없음,사제동행세미나,이은형
보통,없음,비율 채워줌,직접호명,없음,사제동행세미나,김용민
보통,없음,학점느님,직접호명,없음,사제동행세미나,이형재
많음,없음,매우 깐깐함,직접호명,없음,사제동행세미나,김현수
보통,없음,비율 채워줌,직접호명,두 번,비즈니스소프트웨어실무,강영신
보통,없음,비율 채워줌,직접호명,두 번,비즈니스소프트웨어실무,최승은
보통,없음,비율 채워줌,직접호명,두 번,마케팅,박상준
많음,많음,학점느님,직접호명,두 번,마케팅,이형재
보통,많음,비율 채워줌,직접호명,한 번,마케팅,이동희
보통,없음,비율 채워줌,직접호명,두 번,마케팅,이수동
없음,없음,비율 채워줌,직접호명,두 번,생산운영관리,김종대
보통,없음,비율 채워줌,직접호명,한 번,생산운영관리,김준석
많음,없음,비율 채워줌,직접호명,두 번,재무관리,김명균
보통,없음,학점느님,직접호명,두 번,재무관리,신동휴
보통,보통,매우 깐깐함,직접호명,두 번,재무관리,변애련
보통,보통,비율 채워줌,직접호명,두 번,경영정보학원론,김은홍
많음,많음,비율 채워줌,직접호명,두 번,조직과환경,김용민
보통,많음,비율 채워줌,직접호명,두 번,조직과인간,이은형
많음,많음,비율 채워줌,직접호명,두 번,조직과인간,김보영
많음,많음,비율 채워줌,직접호명,두 번,조직과인간,김나정
없음,없음,비율 채워줌,직접호명,두 번,재무회계,홍창목
보통,없음,비율 채워줌,직접호명,세 번,재무회계,임승연
없음,없음,학점느님,직접호명,두 번,재무회계,김병호
없음,없음,매우 깐깐함,직접호명,두 번,ERP개론,김종대
많음,많음,비율 채워줌,직접호명,두 번,ERP개론,이상춘
보통,없음,비율 채워줌,직접호명,두 번,소비자행동론,박상준
많음,많음,매우 깐깐함,직접호명,네 번 이상,소비자행동론,방정혜
보통,없음,학점느님,직접호명,두 번,소비자행동론,주재우
보통,많음,비율 채워줌,직접호명,두 번,마케팅조사,강현모
보통,없음,비율 채워줌,직접호명,두 번,기업경영세미나,최수현
보통,없음,비율 채워줌,직접호명,두 번,기업경영세미나,황원동
보통,없음,비율 채워줌,직접호명,두 번,관리회계,심호식
보통,없음,매우 깐깐함,직접호명,두 번,선물옵션,홍정훈
보통,없음,비율 채워줌,직접호명,두 번,선물옵션,김인수
없음,보통,비율 채워줌,직접호명,두 번,유통경영,박진호
많음,보통,학점느님,직접호명,네 번 이상,인적자원관리,김용민
없음,없음,비율 채워줌,직접호명,두 번,보험론,김치중
보통,없음,비율 채워줌,직접호명,세 번,보험론,강효선
없음,없음,비율 채워줌,직접호명,두 번,법인과세무회계,이갑재
많음,많음,비율 채워줌,직접호명,두 번,서비스마케팅,이형재
보통,보통,학점느님,지정좌석,두 번,서비스마케팅,박대현
보통,보통,비율 채워줌,직접호명,두 번,국제경영,김경애
보통,없음,학점느님,직접호명,한 번,기업법,황현영
보통,없음,학점느님,직접호명,두 번,SCM과로지스틱스,유정석
없음,없음,매우 깐깐함,직접호명,두 번,SCM과로지스틱스,최대헌
없음,없음,비율 채워줌,직접호명,두 번,회계감사,고광진
없음,보통,비율 채워줌,직접호명,두 번,국제경영사례분석,김경애
보통,많음,비율 채워줌,직접호명,두 번,창업론,이우진
보통,보통,비율 채워줌,직접호명,두 번,기술경영:지적재산권과비즈니스모델,김도현
보통,보통,학점느님,직접호명,두 번,HR코칭산학협동:캡스톤디자인,고현숙
보통,많음,비율 채워줌,직접호명,두 번,구매관리,최정욱
보통,보통,비율 채워줌,직접호명,한 번,전략경영,이은형
없음,없음,매우 깐깐함,직접호명,두 번,회귀분석,안성만
많음,없음,비율 채워줌,직접호명,두 번,e-비즈니스개론,권순범
없음,없음,학점느님,직접호명,두 번,비정형빅데이터분석,유재명
없음,보통,비율 채워줌,직접호명,두 번,경영통계,곽기영
없음,없음,학점느님,직접호명,없음,사제동행세미나,안현철
없음,없음,학점느님,직접호명,없음,사제동행세미나,김남규
보통,없음,학점느님,반영안함,없음,사제동행세미나,김선웅
많음,없음,비율 채워줌,직접호명,두 번,생산운영관리,이국철
없음,없음,비율 채워줌,직접호명,두 번,데이터베이스실무,김남규
많음,많음,매우 깐깐함,지정좌석,두 번,경영정보전략론,전성현
보통,없음,비율 채워줌,직접호명,두 번,데이터베이스관리론,이춘열
보통,없음,학점느님,직접호명,없음,UROP,안현철
보통,없음,학점느님,직접호명,두 번,금융상품투자정보론,김선웅
보통,보통,비율 채워줌,직접호명,두 번,고객관계관리,안현철
많음,없음,매우 깐깐함,직접호명,한 번,경영과인문학세미나,전성현
보통,없음,학점느님,직접호명,두 번,빅데이터관리및활용,노희룡
많음,보통,비율 채워줌,지정좌석,두 번,Contemporary Business  Entrepreneurship,박대현
보통,없음,비율 채워줌,전자출결,두 번,Business Mathematics,이명호
없음,보통,비율 채워줌,직접호명,없음,Seminar in Special Topics,임상균
보통,보통,비율 채워줌,직접호명,두 번,Management Information Systems,최병구
없음,없음,학점느님,직접호명,두 번,Financial Accounting,민선홍
많음,많음,비율 채워줌,혼용,두 번,Human Resource Management,김나정
보통,없음,비율 채워줌,지정좌석,두 번,Contemporary Issues in Business,박대현
보통,없음,학점느님,지정좌석,두 번,International Marketing,박대현
없음,보통,비율 채워줌,직접호명,두 번,Business Law,허서희
많음,보통,F 폭격기,직접호명,두 번,Operations Management,알레한드로 라미레즈
없음,없음,학점느님,직접호명,두 번,경영통계,권형구
보통,보통,비율 채워줌,직접호명,두 번,현대경영과기업가정신,이태희
보통,없음,비율 채워줌,직접호명,두 번,회계학원론,이재경
없음,없음,학점느님,지정좌석,두 번,경제학개론,이웅
없음,없음,학점느님,지정좌석,없음,사제동행세미나,임승연
없음,없음,학점느님,반영안함,없음,사제동행세미나,심호식
보통,없음,비율 채워줌,직접호명,두 번,투자론,홍정훈
없음,없음,학점느님,직접호명,두 번,보험론,권형구
없음,없음,매우 깐깐함,직접호명,두 번,보험관련법,이윤석
없음,없음,학점느님,직접호명,네 번 이상,전략경영,노한균
보통,많음,학점느님,직접호명,두 번,가치평가론,김명균
보통,없음,매우 깐깐함,직접호명,두 번,금융공학,권용재
없음,없음,학점느님,직접호명,두 번,손해사정론,이윤석
보통,보통,매우 깐깐함,직접호명,없음,기업취업과경력개발,이동진
보통,없음,비율 채워줌,직접호명,두 번,중급회계1,홍지윤
보통,없음,비율 채워줌,직접호명,두 번,경영정보학원론,강영신
많음,없음,비율 채워줌,직접호명,두 번,원가관리회계세미나,남영호
보통,보통,학점느님,전자출결,두 번,사업계획서와회계실무,박경재
보통,보통,비율 채워줌,직접호명,한 번,현대경영과기업가정신,유정석
없음,없음,학점느님,직접호명,두 번,회계학원론,김병호
없음,없음,비율 채워줌,전자출결,두 번,경제학개론,이명호
없음,없음,비율 채워줌,직접호명,두 번,경제학개론,박기환
없음,없음,학점느님,직접호명,없음,사제동행세미나,유정석
보통,보통,학점느님,직접호명,없음,사제동행세미나,남영호
없음,보통,학점느님,직접호명,없음,사제동행세미나,최대헌
없음,없음,매우 깐깐함,직접호명,두 번,마케팅,강현모
보통,없음,비율 채워줌,직접호명,두 번,생산운영관리,최대헌
없음,없음,학점느님,직접호명,두 번,재무관리,김동훈
보통,없음,비율 채워줌,직접호명,두 번,조직과인간,백기복
보통,보통,학점느님,직접호명,두 번,기업경영세미나,이재경
보통,보통,비율 채워줌,직접호명,두 번,유통경영,류선호
없음,없음,비율 채워줌,직접호명,두 번,보험론,김재돌
없음,없음,비율 채워줌,직접호명,네 번 이상,국제경영,노한균
없음,없음,비율 채워줌,직접호명,두 번,집적회로공정,최성진
없음,없음,비율 채워줌,직접호명,두 번,전자공학종합설계II,노정욱
보통,보통,학점느님,직접호명,없음,전자공학종합설계II,최성진
보통,보통,학점느님,직접호명,두 번,건축영어,최혜정
보통,보통,비율 채워줌,직접호명,한 번,건축영어,박미예
보통,보통,학점느님,직접호명,없음,매체와표현II,박미예
없음,없음,학점느님,반영안함,없음,사제동행세미나,봉일범
보통,보통,학점느님,직접호명,두 번,건축구법및재료,나재심
보통,없음,비율 채워줌,직접호명,두 번,철근콘크리트구조I,나창순
보통,없음,학점느님,직접호명,두 번,건축법규,윤종수
보통,없음,학점느님,직접호명,두 번,건설관리,나재심
없음,없음,학점느님,직접호명,두 번,세계건축사II,백선경
보통,없음,매우 깐깐함,반영안함,한 번,주거론,봉일범
많음,없음,비율 채워줌,직접호명,두 번,공학응용프로그래밍,이상범
보통,없음,비율 채워줌,직접호명,두 번,공학수학 I,이경화
보통,없음,비율 채워줌,직접호명,두 번,공학수학 I,김광중
많음,많음,학점느님,직접호명,한 번,자동차 Adventure Design I,이동헌
보통,없음,학점느님,직접호명,두 번,일반물리II,이은모
없음,없음,학점느님,전자출결,두 번,사제동행세미나,김근행
보통,보통,비율 채워줌,직접호명,두 번,차량신호처리,박기홍
많음,많음,매우 깐깐함,직접호명,한 번,지능형자동차,강연식
보통,없음,비율 채워줌,직접호명,두 번,정역학,이상범
보통,없음,매우 깐깐함,직접호명,두 번,공학응용프로그래밍,김근행
보통,없음,비율 채워줌,직접호명,두 번,자동차기능실습,이근호
보통,없음,학점느님,직접호명,두 번,동역학,이동헌
보통,없음,비율 채워줌,전자출결,두 번,자료구조및알고리즘,임세준
보통,보통,학점느님,직접호명,두 번,전기전자공학실험,이근호
보통,없음,비율 채워줌,직접호명,두 번,구동및제동시스템,장시열
없음,많음,학점느님,직접호명,두 번,마이크로프로세서응용,이근호
보통,없음,학점느님,직접호명,두 번,차량소프트웨어엔지니어링,김종찬
보통,보통,비율 채워줌,직접호명,두 번,통신공학,이강준
보통,없음,학점느님,직접호명,없음,사제동행세미나,김정하
보통,보통,비율 채워줌,직접호명,한 번,글쓰기,노영근
많음,보통,비율 채워줌,직접호명,한 번,글쓰기,서연주
많음,보통,비율 채워줌,직접호명,두 번,글쓰기,백혜선
보통,보통,매우 깐깐함,직접호명,두 번,글쓰기,신현덕
보통,보통,비율 채워줌,직접호명,한 번,글쓰기,박필현
보통,없음,비율 채워줌,직접호명,없음,글쓰기,최규익
많음,보통,비율 채워줌,직접호명,한 번,글쓰기,조재현
보통,보통,학점느님,직접호명,한 번,글쓰기,박진
보통,보통,학점느님,직접호명,두 번,글쓰기,이대현
보통,보통,비율 채워줌,혼용,없음,글쓰기,박성호
보통,보통,비율 채워줌,직접호명,한 번,글쓰기,박인희
많음,많음,매우 깐깐함,직접호명,한 번,글쓰기,손필영
보통,보통,비율 채워줌,직접호명,두 번,글쓰기(공학인증),손필영
보통,보통,비율 채워줌,직접호명,한 번,글쓰기(공학인증),박필현
보통,보통,비율 채워줌,직접호명,두 번,글쓰기(공학인증),박인희
보통,보통,학점느님,직접호명,한 번,글쓰기(공학인증),박진
보통,보통,비율 채워줌,직접호명,한 번,글쓰기(공학인증),노영근
많음,없음,학점느님,직접호명,두 번,글쓰기(공학인증),최규익
보통,보통,비율 채워줌,직접호명,두 번,글쓰기(공학인증),백혜선
많음,보통,학점느님,직접호명,한 번,글쓰기(공학인증),서연주
보통,없음,비율 채워줌,직접호명,한 번,글쓰기(공학인증),조재현
많음,보통,매우 깐깐함,직접호명,없음,글쓰기(공학인증),신현덕
없음,보통,학점느님,직접호명,두 번,English Reading I,구은혜
보통,없음,학점느님,직접호명,두 번,English Reading I,장근철
보통,많음,비율 채워줌,직접호명,두 번,English Reading I,김혜정
없음,보통,학점느님,직접호명,두 번,English Reading I,서지영
보통,보통,비율 채워줌,직접호명,두 번,English Reading I,강서정
보통,보통,비율 채워줌,직접호명,두 번,English Reading I,이지현
보통,보통,비율 채워줌,직접호명,두 번,English Reading I,임미진
보통,보통,비율 채워줌,직접호명,두 번,English Reading I,박태미
보통,많음,학점느님,직접호명,두 번,English Reading I,고성란
보통,보통,학점느님,직접호명,두 번,English Reading I(ABEEK),방승희
없음,보통,학점느님,직접호명,두 번,English Reading I(ABEEK),임미진
없음,보통,학점느님,직접호명,두 번,English Reading I(ABEEK),구은혜
보통,보통,비율 채워줌,직접호명,두 번,English Reading I(ABEEK),이지현
보통,없음,학점느님,직접호명,두 번,English Reading I(ABEEK),장근철
보통,보통,비율 채워줌,직접호명,두 번,English Reading I(ABEEK),강서정
보통,보통,비율 채워줌,직접호명,두 번,English Reading I(ABEEK),노윤아
보통,보통,학점느님,직접호명,두 번,English Reading I(ABEEK),고성란
많음,많음,F 폭격기,직접호명,두 번,English Reading I(ABEEK),박태미
보통,보통,학점느님,직접호명,두 번,English Reading I(ABEEK),김혜정
없음,많음,비율 채워줌,직접호명,두 번,English Reading I(ABEEK),류도형
없음,보통,비율 채워줌,직접호명,두 번,English Reading I(ABEEK),서지영
없음,없음,비율 채워줌,직접호명,두 번,English Conversation I,턴벌
보통,보통,비율 채워줌,직접호명,두 번,English Conversation I,리즈
보통,없음,비율 채워줌,직접호명,두 번,English Conversation I,브라이언 로버슨
보통,보통,학점느님,직접호명,두 번,English Conversation I,임기원
보통,보통,비율 채워줌,직접호명,네 번 이상,English Conversation I,도날드케디
보통,보통,학점느님,직접호명,두 번,English Conversation I,펙포드
없음,보통,학점느님,직접호명,두 번,English Conversation I,포스터
보통,보통,학점느님,직접호명,두 번,English Conversation I,제임스 커버트
없음,보통,매우 깐깐함,직접호명,네 번 이상,English Conversation I,안나 마일즈
없음,보통,비율 채워줌,직접호명,두 번,English Conversation I,데이비드 스트롱
없음,보통,학점느님,직접호명,두 번,English Conversation I,에릭 피터 피터슨
보통,보통,학점느님,직접호명,두 번,English Conversation I,에리카리들
보통,보통,학점느님,직접호명,두 번,English Conversation I,피큘라
보통,보통,학점느님,직접호명,두 번,English Conversation I(ABEEK),임기원
없음,보통,비율 채워줌,직접호명,두 번,English Conversation I(ABEEK),데이비드 스트롱
보통,없음,비율 채워줌,직접호명,두 번,English Conversation I(ABEEK),도날드케디
없음,보통,비율 채워줌,직접호명,두 번,English Conversation II,캐빈워
많음,없음,비율 채워줌,직접호명,네 번 이상,English Conversation II,도날드케디
없음,보통,학점느님,직접호명,두 번,English Conversation II,로버트스미스
없음,없음,비율 채워줌,직접호명,두 번,English Conversation II,에릭 피터 피터슨
없음,보통,비율 채워줌,직접호명,두 번,English Conversation II,피큘라
보통,없음,학점느님,직접호명,한 번,English Conversation II,트레이 트리풀
보통,없음,학점느님,직접호명,두 번,글로벌영어,서지영
없음,보통,비율 채워줌,직접호명,두 번,English Conversation (Advanced),피터김
보통,많음,비율 채워줌,직접호명,없음,창업실습,박범서
없음,많음,학점느님,직접호명,없음,창의융합프로젝트스튜디오,김성일
보통,없음,학점느님,직접호명,두 번,기술혁신과기업경쟁력,김영욱
